"","Time","Scenario","SSBratio"
"1","Short-term",1,0.256670576
"2","Short-term",1,0.265697895
"3","Short-term",1,0.260134156
"4","Short-term",1,0.246820697
"5","Short-term",1,0.258968099
"6","Short-term",1,0.254255269
"7","Short-term",1,0.270082714
"8","Short-term",1,0.268819372
"9","Short-term",1,0.263011319
"10","Short-term",1,0.263631528
"11","Short-term",1,0.26724669
"12","Short-term",1,0.26700598
"13","Short-term",1,0.250756355
"14","Short-term",1,0.258851347
"15","Short-term",1,0.262517713
"16","Short-term",1,0.26791064
"17","Short-term",1,0.2654476
"18","Short-term",1,0.23739073
"19","Short-term",1,0.264987595
"20","Short-term",1,0.260859441
"21","Short-term",1,0.258386856
"22","Short-term",1,0.257721073
"23","Short-term",1,0.268755443
"24","Short-term",1,0.247900099
"25","Short-term",1,0.244949908
"26","Short-term",1,0.23590488
"27","Short-term",1,0.259555251
"28","Short-term",1,0.238440938
"29","Short-term",1,0.264294069
"30","Short-term",1,0.266875609
"31","Short-term",1,0.262600035
"32","Short-term",1,0.269655223
"33","Short-term",1,0.264303211
"34","Short-term",1,0.271265713
"35","Short-term",1,0.240744298
"36","Short-term",1,0.259671702
"37","Short-term",1,0.246239256
"38","Short-term",1,0.262170848
"39","Short-term",1,0.270656453
"40","Short-term",1,0.257626759
"41","Short-term",1,0.253184872
"42","Short-term",1,0.262529967
"43","Short-term",1,0.268727565
"44","Short-term",1,0.26934335
"45","Short-term",1,0.253236066
"46","Short-term",1,0.24565281
"47","Short-term",1,0.270602297
"48","Short-term",1,0.262787325
"49","Short-term",1,0.241997195
"50","Short-term",1,0.248403009
"51","Short-term",1,0.261031822
"52","Short-term",1,0.271029517
"53","Short-term",1,0.258552385
"54","Short-term",1,0.26139334
"55","Short-term",1,0.237776635
"56","Short-term",1,0.262228021
"57","Short-term",1,0.253019191
"58","Short-term",1,0.241702444
"59","Short-term",1,0.257304635
"60","Short-term",1,0.262033072
"61","Short-term",1,0.236234012
"62","Short-term",1,0.249999124
"63","Short-term",1,0.164395678
"64","Short-term",1,0.261030835
"65","Short-term",1,0.265578155
"66","Short-term",1,0.263648124
"67","Short-term",1,0.255553968
"68","Short-term",1,0.262041096
"69","Short-term",1,0.247127652
"70","Short-term",1,0.262093712
"71","Short-term",1,0.248028807
"72","Short-term",1,0.261112607
"73","Short-term",1,0.260678302
"74","Short-term",1,0.251249702
"75","Short-term",1,0.259342197
"76","Short-term",1,0.266690254
"77","Short-term",1,0.266829034
"78","Short-term",1,0.260429765
"79","Short-term",1,0.269772828
"80","Short-term",1,0.262371029
"81","Short-term",1,0.251930177
"82","Short-term",1,0.196841806
"83","Short-term",1,0.261888242
"84","Short-term",1,0.255626816
"85","Short-term",1,0.255544397
"86","Short-term",1,0.26546113
"87","Short-term",1,0.266619688
"88","Short-term",1,0.264788859
"89","Short-term",1,0.259872125
"90","Short-term",1,0.251761436
"91","Short-term",1,0.253788545
"92","Short-term",1,0.264044094
"93","Short-term",1,0.256791813
"94","Short-term",1,0.244886897
"95","Short-term",1,0.26834782
"96","Short-term",1,0.256462425
"97","Short-term",1,0.254567071
"98","Short-term",1,0.261897046
"99","Short-term",1,0.232721628
"100","Short-term",1,0.257066153
"101","Short-term",1,0.271194074
"102","Short-term",1,0.26630119
"103","Short-term",1,0.263189013
"104","Short-term",1,0.26810266
"105","Short-term",1,0.259985492
"106","Short-term",1,0.266909866
"107","Short-term",1,0.2595206
"108","Short-term",1,0.263195318
"109","Short-term",1,0.268867566
"110","Short-term",1,0.265735824
"111","Short-term",1,0.260716147
"112","Short-term",1,0.26359097
"113","Short-term",1,0.261965526
"114","Short-term",1,0.251879922
"115","Short-term",1,0.248646374
"116","Short-term",1,0.261248965
"117","Short-term",1,0.258311778
"118","Short-term",1,0.259299125
"119","Short-term",1,0.245516398
"120","Short-term",1,0.270652915
"121","Short-term",1,0.266949829
"122","Short-term",1,0.255083548
"123","Short-term",1,0.256594687
"124","Short-term",1,0.255666722
"125","Short-term",1,0.257349523
"126","Short-term",1,0.255014859
"127","Short-term",1,0.254830974
"128","Short-term",1,0.241832818
"129","Short-term",1,0.248722827
"130","Short-term",1,0.260434632
"131","Short-term",1,0.246973971
"132","Short-term",1,0.229782563
"133","Short-term",1,0.270322193
"134","Short-term",1,0.263100576
"135","Short-term",1,0.254768614
"136","Short-term",1,0.2676884
"137","Short-term",1,0.260543718
"138","Short-term",1,0.26842196
"139","Short-term",1,0.255136257
"140","Short-term",1,0.267094688
"141","Short-term",1,0.242086056
"142","Short-term",1,0.264885399
"143","Short-term",1,0.237160533
"144","Short-term",1,0.260039638
"145","Short-term",1,0.269307159
"146","Short-term",1,0.270231887
"147","Short-term",1,0.267004494
"148","Short-term",1,0.259866918
"149","Short-term",1,0.268618597
"150","Short-term",1,0.266388913
"151","Short-term",1,0.25655606
"152","Short-term",1,0.263009922
"153","Short-term",1,0.256430467
"154","Short-term",1,0.265360546
"155","Short-term",1,0.266128342
"156","Short-term",1,0.268156376
"157","Short-term",1,0.256489112
"158","Short-term",1,0.271543524
"159","Short-term",1,0.268573673
"160","Short-term",1,0.262982828
"161","Short-term",1,0.260418428
"162","Short-term",1,0.245963067
"163","Short-term",1,0.264659155
"164","Short-term",1,0.268664464
"165","Short-term",1,0.263332097
"166","Short-term",1,0.239344463
"167","Short-term",1,0.271622385
"168","Short-term",1,0.251913957
"169","Short-term",1,0.258443978
"170","Short-term",1,0.250502822
"171","Short-term",1,0.266801879
"172","Short-term",1,0.240810649
"173","Short-term",1,0.267088309
"174","Short-term",1,0.26492646
"175","Short-term",1,0.241179789
"176","Short-term",1,0.25776939
"177","Short-term",1,0.26340756
"178","Short-term",1,0.263682619
"179","Short-term",1,0.263826604
"180","Short-term",1,0.265190277
"181","Short-term",1,0.271730775
"182","Short-term",1,0.256271194
"183","Short-term",1,0.271049447
"184","Short-term",1,0.235719211
"185","Short-term",1,0.272274068
"186","Short-term",1,0.260742702
"187","Short-term",1,0.241582807
"188","Short-term",1,0.264943084
"189","Short-term",1,0.248612802
"190","Short-term",1,0.263443263
"191","Short-term",1,0.253280934
"192","Short-term",1,0.25087766
"193","Short-term",1,0.260553827
"194","Short-term",1,0.252581234
"195","Short-term",1,0.263422441
"196","Short-term",1,0.260609376
"197","Short-term",1,0.26788914
"198","Short-term",1,0.264946768
"199","Short-term",1,0.262641863
"200","Short-term",1,0.258584094
"201","Short-term",1,0.268008252
"202","Short-term",1,0.24475931
"203","Short-term",1,0.255974176
"204","Short-term",1,0.260772194
"205","Short-term",1,0.265347875
"206","Short-term",1,0.265792027
"207","Short-term",1,0.264500152
"208","Short-term",1,0.221042911
"209","Short-term",1,0.256645363
"210","Short-term",1,0.265066975
"211","Short-term",1,0.244322249
"212","Short-term",1,0.257906264
"213","Short-term",1,0.246215839
"214","Short-term",1,0.260312898
"215","Short-term",1,0.271717171
"216","Short-term",1,0.260418091
"217","Short-term",1,0.246380157
"218","Short-term",1,0.26424984
"219","Short-term",1,0.259585139
"220","Short-term",1,0.268897415
"221","Short-term",1,0.24312366
"222","Short-term",1,0.265741246
"223","Short-term",1,0.248028638
"224","Short-term",1,0.264630825
"225","Short-term",1,0.264399724
"226","Short-term",1,0.261542048
"227","Short-term",1,0.260953203
"228","Short-term",1,0.251897109
"229","Short-term",1,0.268675164
"230","Short-term",1,0.26916892
"231","Short-term",1,0.263411536
"232","Short-term",1,0.246595789
"233","Short-term",1,0.265515919
"234","Short-term",1,0.266347333
"235","Short-term",1,0.255018878
"236","Short-term",1,0.228512281
"237","Short-term",1,0.256492762
"238","Short-term",1,0.262739462
"239","Short-term",1,0.258064472
"240","Short-term",1,0.250827037
"241","Short-term",1,0.26291211
"242","Short-term",1,0.253505824
"243","Short-term",1,0.262459941
"244","Short-term",1,0.253109406
"245","Short-term",1,0.26161927
"246","Short-term",1,0.259707344
"247","Short-term",1,0.264246798
"248","Short-term",1,0.261472496
"249","Short-term",1,0.263347914
"250","Short-term",1,0.254989021
"251","Short-term",1,0.260295264
"252","Short-term",1,0.247960378
"253","Short-term",1,0.261740206
"254","Short-term",1,0.262487237
"255","Short-term",1,0.263733756
"256","Short-term",1,0.242273435
"257","Short-term",1,0.256047726
"258","Short-term",1,0.258383677
"259","Short-term",1,0.262098244
"260","Short-term",1,0.261038382
"261","Short-term",1,0.267631297
"262","Short-term",1,0.249902848
"263","Short-term",1,0.25789466
"264","Short-term",1,0.263397817
"265","Short-term",1,0.257786153
"266","Short-term",1,0.260333145
"267","Short-term",1,0.257094751
"268","Short-term",1,0.270877004
"269","Short-term",1,0.26672991
"270","Short-term",1,0.262734935
"271","Short-term",1,0.254650793
"272","Short-term",1,0.268985426
"273","Short-term",1,0.230920961
"274","Short-term",1,0.268897054
"275","Short-term",1,0.269756967
"276","Short-term",1,0.259703872
"277","Short-term",1,0.253397136
"278","Short-term",1,0.255765817
"279","Short-term",1,0.268502552
"280","Short-term",1,0.260139003
"281","Short-term",1,0.26432673
"282","Short-term",1,0.263046208
"283","Short-term",1,0.264040726
"284","Short-term",1,0.253859757
"285","Short-term",1,0.26963495
"286","Short-term",1,0.262101097
"287","Short-term",1,0.26534247
"288","Short-term",1,0.25339939
"289","Short-term",1,0.255972044
"290","Short-term",1,0.257989654
"291","Short-term",1,0.269808477
"292","Short-term",1,0.26629452
"293","Short-term",1,0.259204704
"294","Short-term",1,0.260316893
"295","Short-term",1,0.26511128
"296","Short-term",1,0.266369034
"297","Short-term",1,0.249868213
"298","Short-term",1,0.270166821
"299","Short-term",1,0.255743452
"300","Short-term",1,0.265740951
"301","Short-term",1,0.223964219
"302","Short-term",1,0.262032701
"303","Short-term",1,0.271873254
"304","Short-term",1,0.262685755
"305","Short-term",1,0.262521033
"306","Short-term",1,0.258653622
"307","Short-term",1,0.266106943
"308","Short-term",1,0.241293911
"309","Short-term",1,0.25597651
"310","Short-term",1,0.261745119
"311","Short-term",1,0.256129309
"312","Short-term",1,0.255059992
"313","Short-term",1,0.265564343
"314","Short-term",1,0.267597608
"315","Short-term",1,0.263950033
"316","Short-term",1,0.2617407
"317","Short-term",1,0.242701329
"318","Short-term",1,0.257004867
"319","Short-term",1,0.267378745
"320","Short-term",1,0.263904733
"321","Short-term",1,0.269390185
"322","Short-term",1,0.261892197
"323","Short-term",1,0.258995437
"324","Short-term",1,0.255663001
"325","Short-term",1,0.255597505
"326","Short-term",1,0.204252392
"327","Short-term",1,0.269213462
"328","Short-term",1,0.227071386
"329","Short-term",1,0.270928318
"330","Short-term",1,0.26077014
"331","Short-term",1,0.246046024
"332","Short-term",1,0.258377827
"333","Short-term",1,0.270303634
"334","Short-term",1,0.259466654
"335","Short-term",1,0.25056905
"336","Short-term",1,0.269426005
"337","Short-term",1,0.259667771
"338","Short-term",1,0.258799726
"339","Short-term",1,0.273160222
"340","Short-term",1,0.267930684
"341","Short-term",1,0.240946432
"342","Short-term",1,0.26090021
"343","Short-term",1,0.265865768
"344","Short-term",1,0.271970353
"345","Short-term",1,0.255827834
"346","Short-term",1,0.27052683
"347","Short-term",1,0.264830276
"348","Short-term",1,0.267214902
"349","Short-term",1,0.263371621
"350","Short-term",1,0.240552348
"351","Short-term",1,0.26491871
"352","Short-term",1,0.244085231
"353","Short-term",1,0.256869115
"354","Short-term",1,0.261367056
"355","Short-term",1,0.262907218
"356","Short-term",1,0.269432268
"357","Short-term",1,0.265842219
"358","Short-term",1,0.258127361
"359","Short-term",1,0.267910609
"360","Short-term",1,0.270096097
"361","Short-term",1,0.256295193
"362","Short-term",1,0.261899352
"363","Short-term",1,0.248535094
"364","Short-term",1,0.26238483
"365","Short-term",1,0.265728857
"366","Short-term",1,0.249044303
"367","Short-term",1,0.268237083
"368","Short-term",1,0.269332164
"369","Short-term",1,0.245885658
"370","Short-term",1,0.270184625
"371","Short-term",1,0.254213126
"372","Short-term",1,0.248123293
"373","Short-term",1,0.265017877
"374","Short-term",1,0.255822113
"375","Short-term",1,0.247772835
"376","Short-term",1,0.235904959
"377","Short-term",1,0.272336276
"378","Short-term",1,0.251419426
"379","Short-term",1,0.269498901
"380","Short-term",1,0.257605087
"381","Short-term",1,0.268888299
"382","Short-term",1,0.264182079
"383","Short-term",1,0.269625734
"384","Short-term",1,0.267143405
"385","Short-term",1,0.267319955
"386","Short-term",1,0.264324828
"387","Short-term",1,0.264406648
"388","Short-term",1,0.266221776
"389","Short-term",1,0.265295192
"390","Short-term",1,0.267970839
"391","Short-term",1,0.265876489
"392","Short-term",1,0.259252758
"393","Short-term",1,0.245538708
"394","Short-term",1,0.249377251
"395","Short-term",1,0.261777676
"396","Short-term",1,0.263350769
"397","Short-term",1,0.267347815
"398","Short-term",1,0.254358915
"399","Short-term",1,0.246275679
"400","Short-term",1,0.270478417
"401","Short-term",1,0.253541493
"402","Short-term",1,0.262750354
"403","Short-term",1,0.261416029
"404","Short-term",1,0.269776003
"405","Short-term",1,0.146379552
"406","Short-term",1,0.259682311
"407","Short-term",1,0.268982362
"408","Short-term",1,0.253513795
"409","Short-term",1,0.244829664
"410","Short-term",1,0.265268314
"411","Short-term",1,0.265004671
"412","Short-term",1,0.265077892
"413","Short-term",1,0.255327946
"414","Short-term",1,0.268564799
"415","Short-term",1,0.270425164
"416","Short-term",1,0.271460106
"417","Short-term",1,0.269406336
"418","Short-term",1,0.268526817
"419","Short-term",1,0.26510994
"420","Short-term",1,0.266306267
"421","Short-term",1,0.240172213
"422","Short-term",1,0.263683935
"423","Short-term",1,0.263549075
"424","Short-term",1,0.26250125
"425","Short-term",1,0.259692291
"426","Short-term",1,0.218783607
"427","Short-term",1,0.25337349
"428","Short-term",1,0.262324098
"429","Short-term",1,0.266332099
"430","Short-term",1,0.248786884
"431","Short-term",1,0.264798558
"432","Short-term",1,0.263436904
"433","Short-term",1,0.267625989
"434","Short-term",1,0.257599617
"435","Short-term",1,0.256302123
"436","Short-term",1,0.258700571
"437","Short-term",1,0.255113429
"438","Short-term",1,0.249289414
"439","Short-term",1,0.260702832
"440","Short-term",1,0.260053529
"441","Short-term",1,0.263416077
"442","Short-term",1,0.258395773
"443","Short-term",1,0.261137423
"444","Short-term",1,0.266366277
"445","Short-term",1,0.271403961
"446","Short-term",1,0.263653626
"447","Short-term",1,0.266652166
"448","Short-term",1,0.265522778
"449","Short-term",1,0.26384115
"450","Short-term",1,0.270607059
"451","Short-term",1,0.25755032
"452","Short-term",1,0.230135494
"453","Short-term",1,0.248087514
"454","Short-term",1,0.264622613
"455","Short-term",1,0.252051062
"456","Short-term",1,0.259235814
"457","Short-term",1,0.269369486
"458","Short-term",1,0.261439259
"459","Short-term",1,0.215765762
"460","Short-term",1,0.258715161
"461","Short-term",1,0.26669606
"462","Short-term",1,0.23689202
"463","Short-term",1,0.250405995
"464","Short-term",1,0.265160097
"465","Short-term",1,0.256056854
"466","Short-term",1,0.247736514
"467","Short-term",1,0.26982636
"468","Short-term",1,0.251280574
"469","Short-term",1,0.268430721
"470","Short-term",1,0.257504091
"471","Short-term",1,0.257859486
"472","Short-term",1,0.256108015
"473","Short-term",1,0.258802735
"474","Short-term",1,0.265350288
"475","Short-term",1,0.261417704
"476","Short-term",1,0.25960031
"477","Short-term",1,0.256816308
"478","Short-term",1,0.261186572
"479","Short-term",1,0.253081277
"480","Short-term",1,0.253258903
"481","Short-term",1,0.260593589
"482","Short-term",1,0.248503589
"483","Short-term",1,0.269778091
"484","Short-term",1,0.265014366
"485","Short-term",1,0.252179269
"486","Short-term",1,0.233908438
"487","Short-term",1,0.252385498
"488","Short-term",1,0.261632882
"489","Short-term",1,0.26518592
"490","Short-term",1,0.264076989
"491","Short-term",1,0.264563438
"492","Short-term",1,0.260477926
"493","Short-term",1,0.256417495
"494","Short-term",1,0.247169264
"495","Short-term",1,0.253400271
"496","Short-term",1,0.256841949
"497","Short-term",1,0.261359035
"498","Short-term",1,0.268576873
"499","Short-term",1,0.267363544
"500","Short-term",1,0.266092442
"501","Short-term",1,0.256792153
"502","Short-term",1,0.241388879
"503","Short-term",1,0.267436649
"504","Short-term",1,0.262765512
"505","Short-term",1,0.258338702
"506","Short-term",1,0.251653557
"507","Short-term",1,0.263141225
"508","Short-term",1,0.270441118
"509","Short-term",1,0.273242651
"510","Short-term",1,0.263983521
"511","Short-term",1,0.264979163
"512","Short-term",1,0.251180528
"513","Short-term",1,0.272123362
"514","Short-term",1,0.26324085
"515","Short-term",1,0.254955742
"516","Short-term",1,0.264712923
"517","Short-term",1,0.259776697
"518","Short-term",1,0.27162943
"519","Short-term",1,0.260510578
"520","Short-term",1,0.26239079
"521","Short-term",1,0.23312168
"522","Short-term",1,0.257480316
"523","Short-term",1,0.26715472
"524","Short-term",1,0.268230784
"525","Short-term",1,0.26030451
"526","Short-term",1,0.261355201
"527","Short-term",1,0.262983903
"528","Short-term",1,0.262729883
"529","Short-term",1,0.266802283
"530","Short-term",1,0.267283749
"531","Short-term",1,0.248640564
"532","Short-term",1,0.263569296
"533","Short-term",1,0.265405816
"534","Short-term",1,0.268359982
"535","Short-term",1,0.252044605
"536","Short-term",1,0.256186438
"537","Short-term",1,0.265018734
"538","Short-term",1,0.25878091
"539","Short-term",1,0.252373896
"540","Short-term",1,0.270622484
"541","Short-term",1,0.265552026
"542","Short-term",1,0.263146315
"543","Short-term",1,0.264786054
"544","Short-term",1,0.261727614
"545","Short-term",1,0.249564697
"546","Short-term",1,0.25812275
"547","Short-term",1,0.260565713
"548","Short-term",1,0.267116615
"549","Short-term",1,0.258405515
"550","Short-term",1,0.249856001
"551","Short-term",1,0.252794332
"552","Short-term",1,0.254333454
"553","Short-term",1,0.264419202
"554","Short-term",1,0.146847861
"555","Short-term",1,0.258695702
"556","Short-term",1,0.268688481
"557","Short-term",1,0.26923966
"558","Short-term",1,0.27019448
"559","Short-term",1,0.263739113
"560","Short-term",1,0.255784988
"561","Short-term",1,0.252041033
"562","Short-term",1,0.263922632
"563","Short-term",1,0.261449323
"564","Short-term",1,0.25701648
"565","Short-term",1,0.263394244
"566","Short-term",1,0.262764248
"567","Short-term",1,0.258119836
"568","Short-term",1,0.263669419
"569","Short-term",1,0.25353213
"570","Short-term",1,0.269384569
"571","Short-term",1,0.267359361
"572","Short-term",1,0.218642
"573","Short-term",1,0.252164551
"574","Short-term",1,0.261420174
"575","Short-term",1,0.21182359
"576","Short-term",1,0.270160096
"577","Short-term",1,0.257096577
"578","Short-term",1,0.257574238
"579","Short-term",1,0.251228341
"580","Short-term",1,0.235277981
"581","Short-term",1,0.267272702
"582","Short-term",1,0.263604133
"583","Short-term",1,0.259800936
"584","Short-term",1,0.269404425
"585","Short-term",1,0.269726609
"586","Short-term",1,0.265327904
"587","Short-term",1,0.2653549
"588","Short-term",1,0.257362753
"589","Short-term",1,0.26632931
"590","Short-term",1,0.263932802
"591","Short-term",1,0.266867553
"592","Short-term",1,0.261279367
"593","Short-term",1,0.265532
"594","Short-term",1,0.270383054
"595","Short-term",1,0.266003101
"596","Short-term",1,0.245968502
"597","Short-term",1,0.25278877
"598","Short-term",1,0.265924431
"599","Short-term",1,0.262800102
"600","Short-term",1,0.260763796
"601","Short-term",1,0.265151916
"602","Short-term",1,0.271637918
"603","Short-term",1,0.27000573
"604","Short-term",1,0.270589634
"605","Short-term",1,0.256322838
"606","Short-term",1,0.249678483
"607","Short-term",1,0.258548196
"608","Short-term",1,0.266694473
"609","Short-term",1,0.262976578
"610","Short-term",1,0.268984209
"611","Short-term",1,0.258495417
"612","Short-term",1,0.265837099
"613","Short-term",1,0.263424233
"614","Short-term",1,0.263555421
"615","Short-term",1,0.267713811
"616","Short-term",1,0.257307963
"617","Short-term",1,0.267553988
"618","Short-term",1,0.257272184
"619","Short-term",1,0.256382432
"620","Short-term",1,0.251477898
"621","Short-term",1,0.247417996
"622","Short-term",1,0.233548602
"623","Short-term",1,0.231988551
"624","Short-term",1,0.234467648
"625","Short-term",1,0.26419541
"626","Short-term",1,0.241401288
"627","Short-term",1,0.259353764
"628","Short-term",1,0.260905153
"629","Short-term",1,0.264066673
"630","Short-term",1,0.251428213
"631","Short-term",1,0.264461304
"632","Short-term",1,0.264838014
"633","Short-term",1,0.256442697
"634","Short-term",1,0.263376292
"635","Short-term",1,0.260808815
"636","Short-term",1,0.266992679
"637","Short-term",1,0.252692498
"638","Short-term",1,0.261104849
"639","Short-term",1,0.258781816
"640","Short-term",1,0.268079347
"641","Short-term",1,0.264865861
"642","Short-term",1,0.265635911
"643","Short-term",1,0.258615992
"644","Short-term",1,0.272778212
"645","Short-term",1,0.258623742
"646","Short-term",1,0.255743788
"647","Short-term",1,0.250435906
"648","Short-term",1,0.246965245
"649","Short-term",1,0.257605747
"650","Short-term",1,0.255924696
"651","Short-term",1,0.263403572
"652","Short-term",1,0.252466769
"653","Short-term",1,0.264498191
"654","Short-term",1,0.263711267
"655","Short-term",1,0.255483841
"656","Short-term",1,0.264669651
"657","Short-term",1,0.243874259
"658","Short-term",1,0.235140178
"659","Short-term",1,0.266586006
"660","Short-term",1,0.236723171
"661","Short-term",1,0.262665808
"662","Short-term",1,0.260548383
"663","Short-term",1,0.249097473
"664","Short-term",1,0.261608109
"665","Short-term",1,0.258394109
"666","Short-term",1,0.265612455
"667","Short-term",1,0.264556287
"668","Short-term",1,0.264084617
"669","Short-term",1,0.227537908
"670","Short-term",1,0.234684355
"671","Short-term",1,0.266261005
"672","Short-term",1,0.263141618
"673","Short-term",1,0.255529921
"674","Short-term",1,0.266898143
"675","Short-term",1,0.252410563
"676","Short-term",1,0.270679012
"677","Short-term",1,0.235310686
"678","Short-term",1,0.236484488
"679","Short-term",1,0.254073603
"680","Short-term",1,0.264567735
"681","Short-term",1,0.240527799
"682","Short-term",1,0.267943778
"683","Short-term",1,0.263591737
"684","Short-term",1,0.250451472
"685","Short-term",1,0.259100517
"686","Short-term",1,0.265279224
"687","Short-term",1,0.267767607
"688","Short-term",1,0.260132763
"689","Short-term",1,0.265478298
"690","Short-term",1,0.262643199
"691","Short-term",1,0.254642582
"692","Short-term",1,0.259514354
"693","Short-term",1,0.245918968
"694","Short-term",1,0.272684008
"695","Short-term",1,0.258008811
"696","Short-term",1,0.255430633
"697","Short-term",1,0.268259919
"698","Short-term",1,0.261259199
"699","Short-term",1,0.256826723
"700","Short-term",1,0.265830782
"701","Short-term",1,0.263164055
"702","Short-term",1,0.257232234
"703","Short-term",1,0.265830867
"704","Short-term",1,0.250234883
"705","Short-term",1,0.259245121
"706","Short-term",1,0.248461284
"707","Short-term",1,0.260294967
"708","Short-term",1,0.254731332
"709","Short-term",1,0.254257398
"710","Short-term",1,0.263710654
"711","Short-term",1,0.268813419
"712","Short-term",1,0.270787161
"713","Short-term",1,0.25753694
"714","Short-term",1,0.258843539
"715","Short-term",1,0.269917222
"716","Short-term",1,0.260056679
"717","Short-term",1,0.239852604
"718","Short-term",1,0.253009603
"719","Short-term",1,0.260739943
"720","Short-term",1,0.250174648
"721","Short-term",1,0.240356241
"722","Short-term",1,0.258207067
"723","Short-term",1,0.26194595
"724","Short-term",1,0.248772598
"725","Short-term",1,0.263082034
"726","Short-term",1,0.264125879
"727","Short-term",1,0.25026914
"728","Short-term",1,0.258728891
"729","Short-term",1,0.268042013
"730","Short-term",1,0.259315463
"731","Short-term",1,0.240867434
"732","Short-term",1,0.258791455
"733","Short-term",1,0.25772741
"734","Short-term",1,0.269747769
"735","Short-term",1,0.268086566
"736","Short-term",1,0.262352444
"737","Short-term",1,0.265384151
"738","Short-term",1,0.259469301
"739","Short-term",1,0.243250055
"740","Short-term",1,0.267245169
"741","Short-term",1,0.259744985
"742","Short-term",1,0.265486159
"743","Short-term",1,0.266275532
"744","Short-term",1,0.262931549
"745","Short-term",1,0.268527954
"746","Short-term",1,0.233556073
"747","Short-term",1,0.252146448
"748","Short-term",1,0.269498036
"749","Short-term",1,0.249681423
"750","Short-term",1,0.243587594
"751","Short-term",1,0.248403656
"752","Short-term",1,0.257382496
"753","Short-term",1,0.259297689
"754","Short-term",1,0.262971204
"755","Short-term",1,0.265053244
"756","Short-term",1,0.262793016
"757","Short-term",1,0.269033425
"758","Short-term",1,0.264347079
"759","Short-term",1,0.260866176
"760","Short-term",1,0.271444716
"761","Short-term",1,0.265167396
"762","Short-term",1,0.257101207
"763","Short-term",1,0.270308073
"764","Short-term",1,0.251354596
"765","Short-term",1,0.267940877
"766","Short-term",1,0.259392642
"767","Short-term",1,0.263274441
"768","Short-term",1,0.267407834
"769","Short-term",1,0.266488067
"770","Short-term",1,0.267412799
"771","Short-term",1,0.264063795
"772","Short-term",1,0.241055721
"773","Short-term",1,0.236502895
"774","Short-term",1,0.265852842
"775","Short-term",1,0.270302642
"776","Short-term",1,0.266423502
"777","Short-term",1,0.24364866
"778","Short-term",1,0.256658959
"779","Short-term",1,0.261536693
"780","Short-term",1,0.259450956
"781","Short-term",1,0.251333924
"782","Short-term",1,0.240634408
"783","Short-term",1,0.265429887
"784","Short-term",1,0.268307166
"785","Short-term",1,0.263282199
"786","Short-term",1,0.269271561
"787","Short-term",1,0.266192037
"788","Short-term",1,0.264692343
"789","Short-term",1,0.261458561
"790","Short-term",1,0.270645433
"791","Short-term",1,0.249936936
"792","Short-term",1,0.254744529
"793","Short-term",1,0.249964465
"794","Short-term",1,0.258027056
"795","Short-term",1,0.264424557
"796","Short-term",1,0.271146765
"797","Short-term",1,0.239490757
"798","Short-term",1,0.266190786
"799","Short-term",1,0.267066842
"800","Short-term",1,0.263592497
"801","Short-term",1,0.263111127
"802","Short-term",1,0.266286703
"803","Short-term",1,0.252912735
"804","Short-term",1,0.267772258
"805","Short-term",1,0.266451931
"806","Short-term",1,0.243737436
"807","Short-term",1,0.269730239
"808","Short-term",1,0.239858281
"809","Short-term",1,0.271947803
"810","Short-term",1,0.260325817
"811","Short-term",1,0.270397099
"812","Short-term",1,0.264253243
"813","Short-term",1,0.251872163
"814","Short-term",1,0.268633997
"815","Short-term",1,0.233617229
"816","Short-term",1,0.268238804
"817","Short-term",1,0.25292213
"818","Short-term",1,0.253265512
"819","Short-term",1,0.263827522
"820","Short-term",1,0.266886247
"821","Short-term",1,0.241440212
"822","Short-term",1,0.267955168
"823","Short-term",1,0.264768766
"824","Short-term",1,0.243694941
"825","Short-term",1,0.239596585
"826","Short-term",1,0.268989239
"827","Short-term",1,0.258916276
"828","Short-term",1,0.251571635
"829","Short-term",1,0.266900774
"830","Short-term",1,0.25694148
"831","Short-term",1,0.265125415
"832","Short-term",1,0.237605355
"833","Short-term",1,0.262145763
"834","Short-term",1,0.261755063
"835","Short-term",1,0.255151425
"836","Short-term",1,0.262522571
"837","Short-term",1,0.269449804
"838","Short-term",1,0.25997059
"839","Short-term",1,0.217043877
"840","Short-term",1,0.271710438
"841","Short-term",1,0.252903501
"842","Short-term",1,0.264320449
"843","Short-term",1,0.26092624
"844","Short-term",1,0.23856786
"845","Short-term",1,0.262898921
"846","Short-term",1,0.251908695
"847","Short-term",1,0.26450516
"848","Short-term",1,0.260471241
"849","Short-term",1,0.269255253
"850","Short-term",1,0.268073908
"851","Short-term",1,0.271933432
"852","Short-term",1,0.242038018
"853","Short-term",1,0.246609448
"854","Short-term",1,0.259787372
"855","Short-term",1,0.268882111
"856","Short-term",1,0.264644178
"857","Short-term",1,0.257834074
"858","Short-term",1,0.265565455
"859","Short-term",1,0.263400453
"860","Short-term",1,0.266571795
"861","Short-term",1,0.269493744
"862","Short-term",1,0.23844743
"863","Short-term",1,0.243087684
"864","Short-term",1,0.262655468
"865","Short-term",1,0.249452808
"866","Short-term",1,0.273731613
"867","Short-term",1,0.258833467
"868","Short-term",1,0.267603602
"869","Short-term",1,0.268593291
"870","Short-term",1,0.268662844
"871","Short-term",1,0.268656581
"872","Short-term",1,0.247115608
"873","Short-term",1,0.261541339
"874","Short-term",1,0.261060902
"875","Short-term",1,0.251662781
"876","Short-term",1,0.266661041
"877","Short-term",1,0.265732119
"878","Short-term",1,0.248445592
"879","Short-term",1,0.256448307
"880","Short-term",1,0.241121253
"881","Short-term",1,0.260269046
"882","Short-term",1,0.26156084
"883","Short-term",1,0.265450009
"884","Short-term",1,0.268587954
"885","Short-term",1,0.247266371
"886","Short-term",1,0.258695673
"887","Short-term",1,0.246972927
"888","Short-term",1,0.263454703
"889","Short-term",1,0.249348956
"890","Short-term",1,0.25989738
"891","Short-term",1,0.257551271
"892","Short-term",1,0.243866658
"893","Short-term",1,0.248079692
"894","Short-term",1,0.261817692
"895","Short-term",1,0.265118336
"896","Short-term",1,0.270979536
"897","Short-term",1,0.264496005
"898","Short-term",1,0.259532896
"899","Short-term",1,0.26174104
"900","Short-term",1,0.260317195
"901","Short-term",1,0.273841143
"902","Short-term",1,0.266949097
"903","Short-term",1,0.255089137
"904","Short-term",1,0.267679256
"905","Short-term",1,0.248103013
"906","Short-term",1,0.26500827
"907","Short-term",1,0.260314161
"908","Short-term",1,0.260869331
"909","Short-term",1,0.267092872
"910","Short-term",1,0.271460078
"911","Short-term",1,0.263653036
"912","Short-term",1,0.267576915
"913","Short-term",1,0.266616679
"914","Short-term",1,0.26058157
"915","Short-term",1,0.253953325
"916","Short-term",1,0.267328996
"917","Short-term",1,0.274310764
"918","Short-term",1,0.250195354
"919","Short-term",1,0.267913757
"920","Short-term",1,0.265940126
"921","Short-term",1,0.267915661
"922","Short-term",1,0.250960962
"923","Short-term",1,0.261823106
"924","Short-term",1,0.250831072
"925","Short-term",1,0.263755513
"926","Short-term",1,0.241896546
"927","Short-term",1,0.268541471
"928","Short-term",1,0.260471779
"929","Short-term",1,0.256161207
"930","Short-term",1,0.25264574
"931","Short-term",1,0.257485948
"932","Short-term",1,0.271258426
"933","Short-term",1,0.259600723
"934","Short-term",1,0.264574308
"935","Short-term",1,0.258734153
"936","Short-term",1,0.264578011
"937","Short-term",1,0.256874395
"938","Short-term",1,0.266787487
"939","Short-term",1,0.268611541
"940","Short-term",1,0.268102488
"941","Short-term",1,0.240578417
"942","Short-term",1,0.268038134
"943","Short-term",1,0.256124099
"944","Short-term",1,0.259335169
"945","Short-term",1,0.26322787
"946","Short-term",1,0.253698772
"947","Short-term",1,0.258758933
"948","Short-term",1,0.258503605
"949","Short-term",1,0.263578403
"950","Short-term",1,0.258979479
"951","Short-term",1,0.260269497
"952","Short-term",1,0.269529604
"953","Short-term",1,0.255506338
"954","Short-term",1,0.246825346
"955","Short-term",1,0.242895486
"956","Short-term",1,0.267663477
"957","Short-term",1,0.268829478
"958","Short-term",1,0.267729668
"959","Short-term",1,0.268125929
"960","Short-term",1,0.26765247
"961","Short-term",1,0.259618213
"962","Short-term",1,0.267642562
"963","Short-term",1,0.25898488
"964","Short-term",1,0.260935069
"965","Short-term",1,0.254297667
"966","Short-term",1,0.26299081
"967","Short-term",1,0.259926091
"968","Short-term",1,0.252859137
"969","Short-term",1,0.262511045
"970","Short-term",1,0.233418962
"971","Short-term",1,0.261799037
"972","Short-term",1,0.257047989
"973","Short-term",1,0.25710549
"974","Short-term",1,0.261642856
"975","Short-term",1,0.255781093
"976","Short-term",1,0.269430481
"977","Short-term",1,0.265431957
"978","Short-term",1,0.26028612
"956485","Medium-term",1,1.163801405
"956486","Medium-term",1,0.89924094
"956487","Medium-term",1,0.854930153
"956488","Medium-term",1,0.810836037
"956489","Medium-term",1,0.722865802
"956490","Medium-term",1,0.88673422
"956491","Medium-term",1,1.064468233
"956492","Medium-term",1,0.674728676
"956493","Medium-term",1,0.740258592
"956494","Medium-term",1,0.660985835
"956495","Medium-term",1,0.679718477
"956496","Medium-term",1,0.880141171
"956497","Medium-term",1,0.838737763
"956498","Medium-term",1,0.587437574
"956499","Medium-term",1,0.74438296
"956500","Medium-term",1,0.800237554
"956501","Medium-term",1,0.588348769
"956502","Medium-term",1,1.255696997
"956503","Medium-term",1,1.046720468
"956504","Medium-term",1,0.716184748
"956505","Medium-term",1,0.719538019
"956506","Medium-term",1,0.895681077
"956507","Medium-term",1,0.992929214
"956508","Medium-term",1,0.877551893
"956509","Medium-term",1,0.924009294
"956510","Medium-term",1,0.980821029
"956511","Medium-term",1,0.659436978
"956512","Medium-term",1,0.831269268
"956513","Medium-term",1,0.718574813
"956514","Medium-term",1,0.744178414
"956515","Medium-term",1,0.664009582
"956516","Medium-term",1,0.844259131
"956517","Medium-term",1,0.750752115
"956518","Medium-term",1,0.814417297
"956519","Medium-term",1,0.915988828
"956520","Medium-term",1,0.738493362
"956521","Medium-term",1,1.327383553
"956522","Medium-term",1,0.816537962
"956523","Medium-term",1,0.923569619
"956524","Medium-term",1,0.894388733
"956525","Medium-term",1,0.936986659
"956526","Medium-term",1,0.806186994
"956527","Medium-term",1,0.652629817
"956528","Medium-term",1,0.839992058
"956529","Medium-term",1,0.957542482
"956530","Medium-term",1,0.933618514
"956531","Medium-term",1,0.757420395
"956532","Medium-term",1,0.744293237
"956533","Medium-term",1,0.867312846
"956534","Medium-term",1,0.754239592
"956535","Medium-term",1,0.89975899
"956536","Medium-term",1,0.830538648
"956537","Medium-term",1,0.797828044
"956538","Medium-term",1,0.819948563
"956539","Medium-term",1,0.929586662
"956540","Medium-term",1,0.888112461
"956541","Medium-term",1,0.563934325
"956542","Medium-term",1,0.990381366
"956543","Medium-term",1,1.044998398
"956544","Medium-term",1,0.866116256
"956545","Medium-term",1,1.178276572
"956546","Medium-term",1,1.308972165
"956547","Medium-term",1,0.509970648
"956548","Medium-term",1,1.11880494
"956549","Medium-term",1,0.580109826
"956550","Medium-term",1,0.831173667
"956551","Medium-term",1,0.867692244
"956552","Medium-term",1,1.088437601
"956553","Medium-term",1,0.892955894
"956554","Medium-term",1,0.856083646
"956555","Medium-term",1,0.890703617
"956556","Medium-term",1,0.732929261
"956557","Medium-term",1,0.947127073
"956558","Medium-term",1,0.75173822
"956559","Medium-term",1,0.994891665
"956560","Medium-term",1,0.561635612
"956561","Medium-term",1,1.269635298
"956562","Medium-term",1,0.622052279
"956563","Medium-term",1,0.818822409
"956564","Medium-term",1,0.74686586
"956565","Medium-term",1,0.810188763
"956566","Medium-term",1,0.957668746
"956567","Medium-term",1,1.084253102
"956568","Medium-term",1,1.060079207
"956569","Medium-term",1,0.779936782
"956570","Medium-term",1,0.56799547
"956571","Medium-term",1,0.695598674
"956572","Medium-term",1,0.697570799
"956573","Medium-term",1,0.774722717
"956574","Medium-term",1,1.180556148
"956575","Medium-term",1,1.064308432
"956576","Medium-term",1,0.765789894
"956577","Medium-term",1,0.821229422
"956578","Medium-term",1,0.515882413
"956579","Medium-term",1,1.188948672
"956580","Medium-term",1,0.642805684
"956581","Medium-term",1,1.043989031
"956582","Medium-term",1,1.002231066
"956583","Medium-term",1,1.214125753
"956584","Medium-term",1,1.052756549
"956585","Medium-term",1,0.792613321
"956586","Medium-term",1,0.989183388
"956587","Medium-term",1,0.663027694
"956588","Medium-term",1,1.05050398
"956589","Medium-term",1,1.233688669
"956590","Medium-term",1,0.761280381
"956591","Medium-term",1,0.69220424
"956592","Medium-term",1,0.828161637
"956593","Medium-term",1,0.535950314
"956594","Medium-term",1,0.845514958
"956595","Medium-term",1,0.771865728
"956596","Medium-term",1,0.841497702
"956597","Medium-term",1,0.908915462
"956598","Medium-term",1,0.753264279
"956599","Medium-term",1,0.698524507
"956600","Medium-term",1,0.976493327
"956601","Medium-term",1,0.668552246
"956602","Medium-term",1,1.131998565
"956603","Medium-term",1,1.094676495
"956604","Medium-term",1,0.628553619
"956605","Medium-term",1,0.6046085
"956606","Medium-term",1,0.930442337
"956607","Medium-term",1,0.816575073
"956608","Medium-term",1,0.546682365
"956609","Medium-term",1,1.010138069
"956610","Medium-term",1,0.582688072
"956611","Medium-term",1,1.129463632
"956612","Medium-term",1,1.009540355
"956613","Medium-term",1,0.620381335
"956614","Medium-term",1,0.853054567
"956615","Medium-term",1,0.951667
"956616","Medium-term",1,0.701357898
"956617","Medium-term",1,1.010667147
"956618","Medium-term",1,0.841962261
"956619","Medium-term",1,0.737620655
"956620","Medium-term",1,0.798149367
"956621","Medium-term",1,1.005825248
"956622","Medium-term",1,0.819949354
"956623","Medium-term",1,0.888456477
"956624","Medium-term",1,0.892741082
"956625","Medium-term",1,1.22732821
"956626","Medium-term",1,0.816798222
"956627","Medium-term",1,0.938689005
"956628","Medium-term",1,1.122595341
"956629","Medium-term",1,1.034946351
"956630","Medium-term",1,0.770538044
"956631","Medium-term",1,0.827786156
"956632","Medium-term",1,0.681508828
"956633","Medium-term",1,0.766960177
"956634","Medium-term",1,0.659341709
"956635","Medium-term",1,0.785681393
"956636","Medium-term",1,0.870216801
"956637","Medium-term",1,0.738419505
"956638","Medium-term",1,0.616978103
"956639","Medium-term",1,0.734965896
"956640","Medium-term",1,0.627404099
"956641","Medium-term",1,0.963019558
"956642","Medium-term",1,0.756016424
"956643","Medium-term",1,0.912290149
"956644","Medium-term",1,0.752740248
"956645","Medium-term",1,0.941279815
"956646","Medium-term",1,0.908484609
"956647","Medium-term",1,1.042321986
"956648","Medium-term",1,0.702995171
"956649","Medium-term",1,0.777826979
"956650","Medium-term",1,1.093457383
"956651","Medium-term",1,0.759420138
"956652","Medium-term",1,0.723853764
"956653","Medium-term",1,0.799079809
"956654","Medium-term",1,0.97249272
"956655","Medium-term",1,0.810559048
"956656","Medium-term",1,1.14434235
"956657","Medium-term",1,0.736700974
"956658","Medium-term",1,0.85385357
"956659","Medium-term",1,1.048755498
"956660","Medium-term",1,0.990020908
"956661","Medium-term",1,1.096659032
"956662","Medium-term",1,0.651476629
"956663","Medium-term",1,0.832585436
"956664","Medium-term",1,1.093456759
"956665","Medium-term",1,0.765948048
"956666","Medium-term",1,0.826348352
"956667","Medium-term",1,0.784667933
"956668","Medium-term",1,1.078048374
"956669","Medium-term",1,0.690627002
"956670","Medium-term",1,0.71462985
"956671","Medium-term",1,0.961175079
"956672","Medium-term",1,0.566234276
"956673","Medium-term",1,0.767389866
"956674","Medium-term",1,0.973418333
"956675","Medium-term",1,0.70364601
"956676","Medium-term",1,0.717875518
"956677","Medium-term",1,0.754823654
"956678","Medium-term",1,1.182508775
"956679","Medium-term",1,0.780397735
"956680","Medium-term",1,0.864086883
"956681","Medium-term",1,0.883307497
"956682","Medium-term",1,0.823763502
"956683","Medium-term",1,0.981447113
"956684","Medium-term",1,0.961209409
"956685","Medium-term",1,0.78660649
"956686","Medium-term",1,0.945064936
"956687","Medium-term",1,0.775706972
"956688","Medium-term",1,0.770349554
"956689","Medium-term",1,0.964089115
"956690","Medium-term",1,0.771857047
"956691","Medium-term",1,0.76934359
"956692","Medium-term",1,1.205678067
"956693","Medium-term",1,0.903543518
"956694","Medium-term",1,0.853350714
"956695","Medium-term",1,0.942095452
"956696","Medium-term",1,0.693243833
"956697","Medium-term",1,0.964103786
"956698","Medium-term",1,0.828066305
"956699","Medium-term",1,0.819432012
"956700","Medium-term",1,0.73240946
"956701","Medium-term",1,0.849039168
"956702","Medium-term",1,0.832478586
"956703","Medium-term",1,0.757949756
"956704","Medium-term",1,0.782269824
"956705","Medium-term",1,0.90511675
"956706","Medium-term",1,0.780457832
"956707","Medium-term",1,0.999356075
"956708","Medium-term",1,0.839285282
"956709","Medium-term",1,0.75688919
"956710","Medium-term",1,1.016212786
"956711","Medium-term",1,0.966760825
"956712","Medium-term",1,0.855156405
"956713","Medium-term",1,0.850494088
"956714","Medium-term",1,0.961957554
"956715","Medium-term",1,0.832600559
"956716","Medium-term",1,1.115037366
"956717","Medium-term",1,0.871486723
"956718","Medium-term",1,0.942330417
"956719","Medium-term",1,0.795817877
"956720","Medium-term",1,1.132102369
"956721","Medium-term",1,0.619702441
"956722","Medium-term",1,0.972472216
"956723","Medium-term",1,0.742169194
"956724","Medium-term",1,0.798810407
"956725","Medium-term",1,1.110414343
"956726","Medium-term",1,0.911861267
"956727","Medium-term",1,0.798696687
"956728","Medium-term",1,0.643620143
"956729","Medium-term",1,0.950495793
"956730","Medium-term",1,0.770467214
"956731","Medium-term",1,0.809274563
"956732","Medium-term",1,0.760196577
"956733","Medium-term",1,0.926831508
"956734","Medium-term",1,0.900054272
"956735","Medium-term",1,0.925215848
"956736","Medium-term",1,0.888402307
"956737","Medium-term",1,0.648376872
"956738","Medium-term",1,0.698468629
"956739","Medium-term",1,0.728064267
"956740","Medium-term",1,0.593405356
"956741","Medium-term",1,0.841162269
"956742","Medium-term",1,0.710117514
"956743","Medium-term",1,0.900716058
"956744","Medium-term",1,0.895459948
"956745","Medium-term",1,0.788688167
"956746","Medium-term",1,0.438646814
"956747","Medium-term",1,0.825334095
"956748","Medium-term",1,0.68663087
"956749","Medium-term",1,0.558275224
"956750","Medium-term",1,0.825379689
"956751","Medium-term",1,0.78896006
"956752","Medium-term",1,0.955885336
"956753","Medium-term",1,0.840538262
"956754","Medium-term",1,0.683579293
"956755","Medium-term",1,0.974559934
"956756","Medium-term",1,0.482628511
"956757","Medium-term",1,1.07247516
"956758","Medium-term",1,1.115130161
"956759","Medium-term",1,0.800198691
"956760","Medium-term",1,0.514762857
"956761","Medium-term",1,1.049141563
"956762","Medium-term",1,0.681677358
"956763","Medium-term",1,0.868766755
"956764","Medium-term",1,0.868045057
"956765","Medium-term",1,0.821199837
"956766","Medium-term",1,0.606879128
"956767","Medium-term",1,0.883015056
"956768","Medium-term",1,1.04757907
"956769","Medium-term",1,0.775090754
"956770","Medium-term",1,0.677797898
"956771","Medium-term",1,0.709441664
"956772","Medium-term",1,0.595862025
"956773","Medium-term",1,0.60948472
"956774","Medium-term",1,0.622027548
"956775","Medium-term",1,0.796283381
"956776","Medium-term",1,0.849385536
"956777","Medium-term",1,1.105760477
"956778","Medium-term",1,0.968704674
"956779","Medium-term",1,0.8711684
"956780","Medium-term",1,0.977120788
"956781","Medium-term",1,0.878936119
"956782","Medium-term",1,0.831157232
"956783","Medium-term",1,0.935200793
"956784","Medium-term",1,0.881269182
"956785","Medium-term",1,1.060124641
"956786","Medium-term",1,1.012698063
"956787","Medium-term",1,1.145075703
"956788","Medium-term",1,0.716679123
"956789","Medium-term",1,0.770700971
"956790","Medium-term",1,0.566285073
"956791","Medium-term",1,0.641723555
"956792","Medium-term",1,0.907066074
"956793","Medium-term",1,0.695934082
"956794","Medium-term",1,0.71375928
"956795","Medium-term",1,1.126281426
"956796","Medium-term",1,0.948030025
"956797","Medium-term",1,1.16366816
"956798","Medium-term",1,0.890470688
"956799","Medium-term",1,0.737319055
"956800","Medium-term",1,0.667640921
"956801","Medium-term",1,0.811437189
"956802","Medium-term",1,0.979855375
"956803","Medium-term",1,1.050984998
"956804","Medium-term",1,0.719972413
"956805","Medium-term",1,0.583320256
"956806","Medium-term",1,0.593666508
"956807","Medium-term",1,0.789298377
"956808","Medium-term",1,0.971899447
"956809","Medium-term",1,0.880883084
"956810","Medium-term",1,0.957851078
"956811","Medium-term",1,0.788459966
"956812","Medium-term",1,0.816459042
"956813","Medium-term",1,0.907211889
"956814","Medium-term",1,1.047647122
"956815","Medium-term",1,0.808334118
"956816","Medium-term",1,0.754375373
"956817","Medium-term",1,0.908630153
"956818","Medium-term",1,0.704088407
"956819","Medium-term",1,0.811032026
"956820","Medium-term",1,0.934473718
"956821","Medium-term",1,0.911541958
"956822","Medium-term",1,0.791320701
"956823","Medium-term",1,0.669330037
"956824","Medium-term",1,0.756687196
"956825","Medium-term",1,0.731142812
"956826","Medium-term",1,0.637219625
"956827","Medium-term",1,1.001863753
"956828","Medium-term",1,0.739971167
"956829","Medium-term",1,0.948099423
"956830","Medium-term",1,0.968884949
"956831","Medium-term",1,0.742526133
"956832","Medium-term",1,0.805162059
"956833","Medium-term",1,0.913608535
"956834","Medium-term",1,0.911874083
"956835","Medium-term",1,0.829719016
"956836","Medium-term",1,0.981259753
"956837","Medium-term",1,0.88351599
"956838","Medium-term",1,0.728083648
"956839","Medium-term",1,0.803813739
"956840","Medium-term",1,0.95496629
"956841","Medium-term",1,0.713376771
"956842","Medium-term",1,1.177490637
"956843","Medium-term",1,0.985015184
"956844","Medium-term",1,0.889381716
"956845","Medium-term",1,0.580866076
"956846","Medium-term",1,0.820169177
"956847","Medium-term",1,1.007709305
"956848","Medium-term",1,1.081670055
"956849","Medium-term",1,0.583431735
"956850","Medium-term",1,0.998194124
"956851","Medium-term",1,0.695157839
"956852","Medium-term",1,0.748023953
"956853","Medium-term",1,1.059890374
"956854","Medium-term",1,0.892331892
"956855","Medium-term",1,0.434813025
"956856","Medium-term",1,0.897115183
"956857","Medium-term",1,0.709663371
"956858","Medium-term",1,0.904358777
"956859","Medium-term",1,0.806826977
"956860","Medium-term",1,1.094168042
"956861","Medium-term",1,0.766048709
"956862","Medium-term",1,0.974533128
"956863","Medium-term",1,0.811036818
"956864","Medium-term",1,0.77044391
"956865","Medium-term",1,0.481083255
"956866","Medium-term",1,0.934563651
"956867","Medium-term",1,0.810529782
"956868","Medium-term",1,0.626866578
"956869","Medium-term",1,0.757641668
"956870","Medium-term",1,0.829496964
"956871","Medium-term",1,0.797051234
"956872","Medium-term",1,0.733441697
"956873","Medium-term",1,0.61878159
"956874","Medium-term",1,0.90165512
"956875","Medium-term",1,0.567541504
"956876","Medium-term",1,0.716297275
"956877","Medium-term",1,0.737732628
"956878","Medium-term",1,1.194380787
"956879","Medium-term",1,0.638710324
"956880","Medium-term",1,0.882814403
"956881","Medium-term",1,0.926412188
"956882","Medium-term",1,1.099847421
"956883","Medium-term",1,0.797805934
"956884","Medium-term",1,0.636646581
"956885","Medium-term",1,0.840487788
"956886","Medium-term",1,0.82771813
"956887","Medium-term",1,0.927617942
"956888","Medium-term",1,0.608760212
"956889","Medium-term",1,0.577149432
"956890","Medium-term",1,0.960400243
"956891","Medium-term",1,0.889248778
"956892","Medium-term",1,0.933698198
"956893","Medium-term",1,0.842636309
"956894","Medium-term",1,1.22740237
"956895","Medium-term",1,1.209814316
"956896","Medium-term",1,0.841143593
"956897","Medium-term",1,0.674484218
"956898","Medium-term",1,0.827018014
"956899","Medium-term",1,0.823478257
"956900","Medium-term",1,1.113521556
"956901","Medium-term",1,0.646350125
"956902","Medium-term",1,0.935453001
"956903","Medium-term",1,0.876568159
"956904","Medium-term",1,0.611795253
"956905","Medium-term",1,1.125913641
"956906","Medium-term",1,0.707159563
"956907","Medium-term",1,0.756731812
"956908","Medium-term",1,0.811818694
"956909","Medium-term",1,0.907911212
"956910","Medium-term",1,1.178034749
"956911","Medium-term",1,0.807416237
"956912","Medium-term",1,0.61072043
"956913","Medium-term",1,0.751060221
"956914","Medium-term",1,0.895831644
"956915","Medium-term",1,0.935075718
"956916","Medium-term",1,0.956114643
"956917","Medium-term",1,1.047976148
"956918","Medium-term",1,0.920786091
"956919","Medium-term",1,0.956062001
"956920","Medium-term",1,0.876606407
"956921","Medium-term",1,0.6882987
"956922","Medium-term",1,0.887587558
"956923","Medium-term",1,0.706424374
"956924","Medium-term",1,1.037082474
"956925","Medium-term",1,0.968440037
"956926","Medium-term",1,0.777969986
"956927","Medium-term",1,0.8423842
"956928","Medium-term",1,0.732416104
"956929","Medium-term",1,0.792369845
"956930","Medium-term",1,0.829253376
"956931","Medium-term",1,0.664113019
"956932","Medium-term",1,0.945515593
"956933","Medium-term",1,0.611036842
"956934","Medium-term",1,0.900786787
"956935","Medium-term",1,1.038155284
"956936","Medium-term",1,1.06440152
"956937","Medium-term",1,0.875589851
"956938","Medium-term",1,0.77284145
"956939","Medium-term",1,0.9514407
"956940","Medium-term",1,0.892638394
"956941","Medium-term",1,0.851720753
"956942","Medium-term",1,0.701367642
"956943","Medium-term",1,1.08350568
"956944","Medium-term",1,1.142517343
"956945","Medium-term",1,0.752894809
"956946","Medium-term",1,0.957421718
"956947","Medium-term",1,1.055022821
"956948","Medium-term",1,0.840984078
"956949","Medium-term",1,0.565296017
"956950","Medium-term",1,0.800381789
"956951","Medium-term",1,0.710089839
"956952","Medium-term",1,0.696331088
"956953","Medium-term",1,0.973976801
"956954","Medium-term",1,0.79182544
"956955","Medium-term",1,0.769089769
"956956","Medium-term",1,0.971774543
"956957","Medium-term",1,0.881630531
"956958","Medium-term",1,0.878421625
"956959","Medium-term",1,0.838045896
"956960","Medium-term",1,0.894203532
"956961","Medium-term",1,0.986362627
"956962","Medium-term",1,0.583510226
"956963","Medium-term",1,0.833034969
"956964","Medium-term",1,0.601065035
"956965","Medium-term",1,0.762823628
"956966","Medium-term",1,0.89103055
"956967","Medium-term",1,0.751342541
"956968","Medium-term",1,0.548531262
"956969","Medium-term",1,0.814347753
"956970","Medium-term",1,1.040287994
"956971","Medium-term",1,0.578337939
"956972","Medium-term",1,0.907068229
"956973","Medium-term",1,1.030216413
"956974","Medium-term",1,1.112733726
"956975","Medium-term",1,0.964413342
"956976","Medium-term",1,0.783420045
"956977","Medium-term",1,0.812791757
"956978","Medium-term",1,0.921938453
"956979","Medium-term",1,0.924428936
"956980","Medium-term",1,0.896411644
"956981","Medium-term",1,0.900277725
"956982","Medium-term",1,0.804753323
"956983","Medium-term",1,0.838964412
"956984","Medium-term",1,0.879144408
"956985","Medium-term",1,1.008851529
"956986","Medium-term",1,1.03790903
"956987","Medium-term",1,0.889922288
"956988","Medium-term",1,1.057900586
"956989","Medium-term",1,0.955828473
"956990","Medium-term",1,0.708794866
"956991","Medium-term",1,0.699519431
"956992","Medium-term",1,0.688931393
"956993","Medium-term",1,0.887243464
"956994","Medium-term",1,0.757117639
"956995","Medium-term",1,0.741606361
"956996","Medium-term",1,0.901928075
"956997","Medium-term",1,0.794771857
"956998","Medium-term",1,0.959311285
"956999","Medium-term",1,1.092306169
"957000","Medium-term",1,0.989959556
"957001","Medium-term",1,0.741823708
"957002","Medium-term",1,0.94651143
"957003","Medium-term",1,0.858731184
"957004","Medium-term",1,0.734356409
"957005","Medium-term",1,0.974807295
"957006","Medium-term",1,0.768473113
"957007","Medium-term",1,1.026912857
"957008","Medium-term",1,0.692662621
"957009","Medium-term",1,0.904328786
"957010","Medium-term",1,0.631790488
"957011","Medium-term",1,0.634965934
"957012","Medium-term",1,0.674813684
"957013","Medium-term",1,0.806520798
"957014","Medium-term",1,1.011121372
"957015","Medium-term",1,0.964369132
"957016","Medium-term",1,0.562203564
"957017","Medium-term",1,0.738960757
"957018","Medium-term",1,0.875116733
"957019","Medium-term",1,0.768645519
"957020","Medium-term",1,0.623343223
"957021","Medium-term",1,1.066896466
"957022","Medium-term",1,0.931310511
"957023","Medium-term",1,0.991902331
"957024","Medium-term",1,0.949582064
"957025","Medium-term",1,0.823724695
"957026","Medium-term",1,0.6562549
"957027","Medium-term",1,0.925420413
"957028","Medium-term",1,0.814558194
"957029","Medium-term",1,0.917950691
"957030","Medium-term",1,0.631407545
"957031","Medium-term",1,0.800368733
"957032","Medium-term",1,0.718247595
"957033","Medium-term",1,0.994256256
"957034","Medium-term",1,0.935746707
"957035","Medium-term",1,1.096219512
"957036","Medium-term",1,0.899980735
"957037","Medium-term",1,0.80243118
"957038","Medium-term",1,0.526762072
"957039","Medium-term",1,0.906112358
"957040","Medium-term",1,0.89396533
"957041","Medium-term",1,0.848013648
"957042","Medium-term",1,0.785737122
"957043","Medium-term",1,0.696577895
"957044","Medium-term",1,0.996760026
"957045","Medium-term",1,1.163000382
"957046","Medium-term",1,1.084690632
"957047","Medium-term",1,1.021421896
"957048","Medium-term",1,0.832428059
"957049","Medium-term",1,0.733408597
"957050","Medium-term",1,0.843934595
"957051","Medium-term",1,0.77384796
"957052","Medium-term",1,0.754525288
"957053","Medium-term",1,0.598989032
"957054","Medium-term",1,0.705524017
"957055","Medium-term",1,0.876405089
"957056","Medium-term",1,0.86678998
"957057","Medium-term",1,0.916822356
"957058","Medium-term",1,0.627430205
"957059","Medium-term",1,1.134717824
"957060","Medium-term",1,0.862246466
"957061","Medium-term",1,0.740454745
"957062","Medium-term",1,0.547122383
"957063","Medium-term",1,0.772207634
"957064","Medium-term",1,1.005571018
"957065","Medium-term",1,1.26983472
"957066","Medium-term",1,0.932363251
"957067","Medium-term",1,1.340797856
"957068","Medium-term",1,0.931184146
"957069","Medium-term",1,0.640021695
"957070","Medium-term",1,0.670446905
"957071","Medium-term",1,0.844916361
"957072","Medium-term",1,0.796666662
"957073","Medium-term",1,0.616182643
"957074","Medium-term",1,0.755820356
"957075","Medium-term",1,0.827188803
"957076","Medium-term",1,0.749431898
"957077","Medium-term",1,1.016002375
"957078","Medium-term",1,0.709425159
"957079","Medium-term",1,0.958779623
"957080","Medium-term",1,1.028766801
"957081","Medium-term",1,0.578269045
"957082","Medium-term",1,0.964762819
"957083","Medium-term",1,0.718380026
"957084","Medium-term",1,0.92619662
"957085","Medium-term",1,0.858347423
"957086","Medium-term",1,0.691954641
"957087","Medium-term",1,0.939845076
"957088","Medium-term",1,0.801279695
"957089","Medium-term",1,0.899403874
"957090","Medium-term",1,0.950569327
"957091","Medium-term",1,0.708119904
"957092","Medium-term",1,0.773376431
"957093","Medium-term",1,0.654185224
"957094","Medium-term",1,0.845080085
"957095","Medium-term",1,0.805402077
"957096","Medium-term",1,0.706894162
"957097","Medium-term",1,0.721192587
"957098","Medium-term",1,1.130142719
"957099","Medium-term",1,0.753780229
"957100","Medium-term",1,0.680453401
"957101","Medium-term",1,0.735289847
"957102","Medium-term",1,0.791608338
"957103","Medium-term",1,0.720281538
"957104","Medium-term",1,0.863327993
"957105","Medium-term",1,1.020898409
"957106","Medium-term",1,1.263047929
"957107","Medium-term",1,1.167468252
"957108","Medium-term",1,0.682451547
"957109","Medium-term",1,0.754501016
"957110","Medium-term",1,0.87561766
"957111","Medium-term",1,0.809885881
"957112","Medium-term",1,0.848844034
"957113","Medium-term",1,0.881840869
"957114","Medium-term",1,0.798124106
"957115","Medium-term",1,0.670261323
"957116","Medium-term",1,0.712500731
"957117","Medium-term",1,0.837110761
"957118","Medium-term",1,0.828563846
"957119","Medium-term",1,0.721941001
"957120","Medium-term",1,0.860992717
"957121","Medium-term",1,0.676766198
"957122","Medium-term",1,0.664107042
"957123","Medium-term",1,0.834132148
"957124","Medium-term",1,0.701566905
"957125","Medium-term",1,0.851068909
"957126","Medium-term",1,0.63637069
"957127","Medium-term",1,0.694605597
"957128","Medium-term",1,0.973749266
"957129","Medium-term",1,0.838882714
"957130","Medium-term",1,0.867171589
"957131","Medium-term",1,1.013894148
"957132","Medium-term",1,0.65100422
"957133","Medium-term",1,0.624731291
"957134","Medium-term",1,0.890428749
"957135","Medium-term",1,0.685716192
"957136","Medium-term",1,0.933671761
"957137","Medium-term",1,0.953197917
"957138","Medium-term",1,0.888216053
"957139","Medium-term",1,0.999108766
"957140","Medium-term",1,0.772152313
"957141","Medium-term",1,1.014110869
"957142","Medium-term",1,1.100138494
"957143","Medium-term",1,0.939463431
"957144","Medium-term",1,0.941808391
"957145","Medium-term",1,1.014601468
"957146","Medium-term",1,0.725621633
"957147","Medium-term",1,0.817453145
"957148","Medium-term",1,0.92573989
"957149","Medium-term",1,0.746544365
"957150","Medium-term",1,0.705664162
"957151","Medium-term",1,0.876711856
"957152","Medium-term",1,0.858530464
"957153","Medium-term",1,1.091752184
"957154","Medium-term",1,1.020342406
"957155","Medium-term",1,0.681056229
"957156","Medium-term",1,0.674993667
"957157","Medium-term",1,1.021625079
"957158","Medium-term",1,1.151058542
"957159","Medium-term",1,0.902767599
"957160","Medium-term",1,0.85074425
"957161","Medium-term",1,0.987577992
"957162","Medium-term",1,0.992170373
"957163","Medium-term",1,0.951856428
"957164","Medium-term",1,0.658641138
"957165","Medium-term",1,0.331697292
"957166","Medium-term",1,0.854285853
"957167","Medium-term",1,0.952041392
"957168","Medium-term",1,0.821148256
"957169","Medium-term",1,0.861678971
"957170","Medium-term",1,0.71628253
"957171","Medium-term",1,1.113792554
"957172","Medium-term",1,1.177199315
"957173","Medium-term",1,0.569707791
"957174","Medium-term",1,0.774608016
"957175","Medium-term",1,0.698863091
"957176","Medium-term",1,0.861111224
"957177","Medium-term",1,0.972523952
"957178","Medium-term",1,0.707609652
"957179","Medium-term",1,1.241595462
"957180","Medium-term",1,0.886547816
"957181","Medium-term",1,0.935399417
"957182","Medium-term",1,0.748402151
"957183","Medium-term",1,0.629792026
"957184","Medium-term",1,0.862568598
"957185","Medium-term",1,0.60916422
"957186","Medium-term",1,0.977273711
"957187","Medium-term",1,0.779135445
"957188","Medium-term",1,0.86495297
"957189","Medium-term",1,0.908270069
"957190","Medium-term",1,0.777405336
"957191","Medium-term",1,0.953465888
"957192","Medium-term",1,0.781993669
"957193","Medium-term",1,0.917872501
"957194","Medium-term",1,0.845244355
"957195","Medium-term",1,0.814204197
"957196","Medium-term",1,0.837172035
"957197","Medium-term",1,0.93407424
"957198","Medium-term",1,0.771918537
"957199","Medium-term",1,0.611665415
"957200","Medium-term",1,0.63195666
"957201","Medium-term",1,1.169108636
"957202","Medium-term",1,0.829236599
"957203","Medium-term",1,0.901468343
"957204","Medium-term",1,1.100595052
"957205","Medium-term",1,0.960334286
"957206","Medium-term",1,0.848229603
"957207","Medium-term",1,0.768180832
"957208","Medium-term",1,1.014058022
"957209","Medium-term",1,0.969316281
"957210","Medium-term",1,0.978232576
"957211","Medium-term",1,0.833382294
"957212","Medium-term",1,0.752259409
"957213","Medium-term",1,1.02568586
"957214","Medium-term",1,0.879097977
"957215","Medium-term",1,1.061642956
"957216","Medium-term",1,0.719748117
"957217","Medium-term",1,0.757782347
"957218","Medium-term",1,1.000140997
"957219","Medium-term",1,0.653679342
"957220","Medium-term",1,0.829378935
"957221","Medium-term",1,0.848559768
"957222","Medium-term",1,0.737328505
"957223","Medium-term",1,0.935414402
"957224","Medium-term",1,0.70084976
"957225","Medium-term",1,0.767883096
"957226","Medium-term",1,0.803614063
"957227","Medium-term",1,0.704800485
"957228","Medium-term",1,0.781853573
"957229","Medium-term",1,0.8843202
"957230","Medium-term",1,1.22877043
"957231","Medium-term",1,0.714086231
"957232","Medium-term",1,0.705823995
"957233","Medium-term",1,0.906759218
"957234","Medium-term",1,0.845764563
"957235","Medium-term",1,0.982409874
"957236","Medium-term",1,0.956779466
"957237","Medium-term",1,1.101337489
"957238","Medium-term",1,0.56601412
"957239","Medium-term",1,1.045818952
"957240","Medium-term",1,0.901308304
"957241","Medium-term",1,0.654143602
"957242","Medium-term",1,0.820425529
"957243","Medium-term",1,0.974347453
"957244","Medium-term",1,0.69107801
"957245","Medium-term",1,0.759988794
"957246","Medium-term",1,0.985729603
"957247","Medium-term",1,0.812917282
"957248","Medium-term",1,1.034959233
"957249","Medium-term",1,1.09179685
"957250","Medium-term",1,1.007282619
"957251","Medium-term",1,0.76413483
"957252","Medium-term",1,0.680748561
"957253","Medium-term",1,1.047560762
"957254","Medium-term",1,0.996899183
"957255","Medium-term",1,1.158101809
"957256","Medium-term",1,0.94919762
"957257","Medium-term",1,0.748596463
"957258","Medium-term",1,0.959456928
"957259","Medium-term",1,0.837581211
"957260","Medium-term",1,0.715973299
"957261","Medium-term",1,1.094105461
"957262","Medium-term",1,0.788726039
"957263","Medium-term",1,0.984332091
"957264","Medium-term",1,1.268027797
"957265","Medium-term",1,0.686141645
"957266","Medium-term",1,0.92004127
"957267","Medium-term",1,0.806243743
"957268","Medium-term",1,0.598743804
"957269","Medium-term",1,0.991714292
"957270","Medium-term",1,0.769602119
"957271","Medium-term",1,1.187341052
"957272","Medium-term",1,0.758886581
"957273","Medium-term",1,0.96943542
"957274","Medium-term",1,0.847208687
"957275","Medium-term",1,0.598051063
"957276","Medium-term",1,0.924952779
"957277","Medium-term",1,0.749897259
"957278","Medium-term",1,0.785516014
"957279","Medium-term",1,0.858977357
"957280","Medium-term",1,0.719494154
"957281","Medium-term",1,0.985123301
"957282","Medium-term",1,0.831311448
"957283","Medium-term",1,0.817072164
"957284","Medium-term",1,0.856403099
"957285","Medium-term",1,0.901029541
"957286","Medium-term",1,0.580071581
"957287","Medium-term",1,0.876467153
"957288","Medium-term",1,0.693471531
"957289","Medium-term",1,0.877040764
"957290","Medium-term",1,1.049813644
"957291","Medium-term",1,0.673779484
"957292","Medium-term",1,0.932251377
"957293","Medium-term",1,0.820474953
"957294","Medium-term",1,0.7868921
"957295","Medium-term",1,0.550311858
"957296","Medium-term",1,0.876537248
"957297","Medium-term",1,0.933203181
"957298","Medium-term",1,0.718472359
"957299","Medium-term",1,0.79620367
"957300","Medium-term",1,0.712715482
"957301","Medium-term",1,0.662785498
"957302","Medium-term",1,0.957687322
"957303","Medium-term",1,0.67270929
"957304","Medium-term",1,0.740654607
"957305","Medium-term",1,0.800382036
"957306","Medium-term",1,0.641437042
"957307","Medium-term",1,0.848135071
"957308","Medium-term",1,1.01778198
"957309","Medium-term",1,0.857795466
"957310","Medium-term",1,0.747879883
"957311","Medium-term",1,0.896527269
"957312","Medium-term",1,1.013763965
"957313","Medium-term",1,0.807756445
"957314","Medium-term",1,0.862000205
"957315","Medium-term",1,0.843674672
"957316","Medium-term",1,1.412011465
"957317","Medium-term",1,0.960199463
"957318","Medium-term",1,0.867140255
"957319","Medium-term",1,0.94781863
"957320","Medium-term",1,1.124803448
"957321","Medium-term",1,0.83102146
"957322","Medium-term",1,0.731921931
"957323","Medium-term",1,0.645579428
"957324","Medium-term",1,0.733377395
"957325","Medium-term",1,0.791755641
"957326","Medium-term",1,0.929433664
"957327","Medium-term",1,0.782088353
"957328","Medium-term",1,0.747144562
"957329","Medium-term",1,0.923662509
"957330","Medium-term",1,1.066037579
"957331","Medium-term",1,0.72090694
"957332","Medium-term",1,1.019570122
"957333","Medium-term",1,0.585377544
"957334","Medium-term",1,0.939780553
"957335","Medium-term",1,0.886171293
"957336","Medium-term",1,1.145123806
"957337","Medium-term",1,0.641535341
"957338","Medium-term",1,0.96551384
"957339","Medium-term",1,0.860766365
"957340","Medium-term",1,0.775733414
"957341","Medium-term",1,0.928546072
"957342","Medium-term",1,0.601226824
"957343","Medium-term",1,0.777225508
"957344","Medium-term",1,0.805758353
"957345","Medium-term",1,0.657442537
"957346","Medium-term",1,1.042617712
"957347","Medium-term",1,1.095647655
"957348","Medium-term",1,0.639287921
"957349","Medium-term",1,1.130023085
"957350","Medium-term",1,0.831723683
"957351","Medium-term",1,0.765349976
"957352","Medium-term",1,0.403119606
"957353","Medium-term",1,0.778680389
"957354","Medium-term",1,0.869936362
"957355","Medium-term",1,0.826182217
"957356","Medium-term",1,0.880436384
"957357","Medium-term",1,1.047609912
"957358","Medium-term",1,0.719562934
"957359","Medium-term",1,0.692583346
"957360","Medium-term",1,0.889265656
"957361","Medium-term",1,0.929960006
"957362","Medium-term",1,0.879934228
"957363","Medium-term",1,0.877898502
"957364","Medium-term",1,1.187695448
"957365","Medium-term",1,0.840573221
"957366","Medium-term",1,0.829971922
"957367","Medium-term",1,0.907890428
"957368","Medium-term",1,1.116343002
"957369","Medium-term",1,1.00781474
"957370","Medium-term",1,0.784950519
"957371","Medium-term",1,0.896531584
"957372","Medium-term",1,1.001704656
"957373","Medium-term",1,1.108129398
"957374","Medium-term",1,0.927400662
"957375","Medium-term",1,1.13929392
"957376","Medium-term",1,0.948916888
"957377","Medium-term",1,1.056968427
"957378","Medium-term",1,0.847659225
"957379","Medium-term",1,0.600748054
"957380","Medium-term",1,0.614391268
"957381","Medium-term",1,0.672847651
"957382","Medium-term",1,0.854356361
"957383","Medium-term",1,0.726610988
"957384","Medium-term",1,1.126277803
"957385","Medium-term",1,0.719783209
"957386","Medium-term",1,0.891461744
"957387","Medium-term",1,0.875476345
"957388","Medium-term",1,0.766863236
"957389","Medium-term",1,1.08176862
"957390","Medium-term",1,0.586134299
"957391","Medium-term",1,0.743317038
"957392","Medium-term",1,0.676990666
"957393","Medium-term",1,0.850245178
"957394","Medium-term",1,0.899400875
"957395","Medium-term",1,0.877407644
"957396","Medium-term",1,0.551601657
"957397","Medium-term",1,0.768987873
"957398","Medium-term",1,0.999190055
"957399","Medium-term",1,0.634755785
"957400","Medium-term",1,0.930583385
"957401","Medium-term",1,0.706267176
"957402","Medium-term",1,1.03450384
"957403","Medium-term",1,0.858543405
"957404","Medium-term",1,0.78051622
"957405","Medium-term",1,1.043385744
"957406","Medium-term",1,0.946996332
"957407","Medium-term",1,0.897380686
"957408","Medium-term",1,0.90665088
"957409","Medium-term",1,0.902718888
"957410","Medium-term",1,1.033421789
"957411","Medium-term",1,0.64559091
"957412","Medium-term",1,0.828938751
"957413","Medium-term",1,0.977266106
"957414","Medium-term",1,0.88038725
"957415","Medium-term",1,0.802920944
"957416","Medium-term",1,0.772349905
"957417","Medium-term",1,0.972590343
"957418","Medium-term",1,0.92097381
"957419","Medium-term",1,0.967843282
"957420","Medium-term",1,0.6780754
"957421","Medium-term",1,0.75926633
"957422","Medium-term",1,0.727534113
"957423","Medium-term",1,0.913582004
"957424","Medium-term",1,0.79485364
"957425","Medium-term",1,0.889770165
"957426","Medium-term",1,0.77082422
"957427","Medium-term",1,0.882890238
"957428","Medium-term",1,0.969357861
"957429","Medium-term",1,0.875217219
"957430","Medium-term",1,1.059539163
"957431","Medium-term",1,0.799505459
"957432","Medium-term",1,0.745778213
"957433","Medium-term",1,0.821112824
"957434","Medium-term",1,0.810154574
"957435","Medium-term",1,1.00726169
"957436","Medium-term",1,0.766566981
"957437","Medium-term",1,0.7987025
"957438","Medium-term",1,0.811160072
"957439","Medium-term",1,1.053019875
"957440","Medium-term",1,0.818140022
"957441","Medium-term",1,0.720085725
"957442","Medium-term",1,0.837627407
"957443","Medium-term",1,0.978379645
"957444","Medium-term",1,0.582784844
"957445","Medium-term",1,0.87010792
"957446","Medium-term",1,0.713478009
"957447","Medium-term",1,0.734805998
"957448","Medium-term",1,0.781065144
"957449","Medium-term",1,0.863602559
"957450","Medium-term",1,0.937904227
"957451","Medium-term",1,0.841298203
"957452","Medium-term",1,1.07166266
"957453","Medium-term",1,0.933299071
"957454","Medium-term",1,0.901345581
"957455","Medium-term",1,0.782124458
"957456","Medium-term",1,0.859425137
"957457","Medium-term",1,0.77830629
"957458","Medium-term",1,0.821475734
"957459","Medium-term",1,0.656241273
"957460","Medium-term",1,0.731896976
"957461","Medium-term",1,0.597900061
"957462","Medium-term",1,0.709754672
